aX,aY,aZ,gX,gY,gZ
-2.192,-0.531,0.472,-122.314,3.296,70.435
-2.691,-0.835,0.136,-80.383,22.095,73.853
-2.982,-1.218,-0.178,-22.339,51.331,64.209
-2.879,-1.412,-0.301,16.785,97.961,38.940
-2.158,-1.358,0.005,23.499,160.767,-9.094
-1.063,-1.013,0.325,69.214,236.023,-72.510
0.330,-0.580,0.510,148.926,292.175,-128.723
1.801,-0.124,1.014,198.914,294.189,-148.376
3.114,0.149,1.513,216.553,244.446,-145.447
4.000,0.391,2.005,206.055,172.363,-120.911
4.000,0.644,2.352,161.865,98.511,-107.788
4.000,0.798,2.469,64.026,31.738,-92.896
3.692,0.855,2.255,-17.212,-25.574,-59.387
2.828,0.676,1.815,-67.200,-82.886,-6.714
1.931,0.419,1.434,-103.821,-116.455,42.358
1.120,0.227,1.070,-122.437,-131.287,72.937
0.361,0.050,0.707,-123.596,-139.465,89.539
-0.259,-0.171,0.435,-111.023,-147.400,102.844
-0.760,-0.320,0.257,-88.196,-151.123,114.929
-1.039,-0.461,0.069,-59.937,-137.329,120.544
-1.153,-0.573,0.032,-43.640,-104.492,110.474
-1.187,-0.687,0.155,-27.344,-78.979,86.426
-1.166,-0.813,0.242,0.305,-59.570,60.059
-1.097,-0.836,0.341,24.719,-41.016,34.119
-0.977,-0.797,0.451,38.940,-19.775,12.573
-0.829,-0.745,0.558,40.955,-0.793,0.916
-0.654,-0.656,0.674,34.790,15.259,-3.296
-0.469,-0.545,0.807,24.414,30.823,-9.155
-0.305,-0.451,0.944,18.555,42.664,-18.555
-0.213,-0.385,1.025,19.531,46.631,-25.391
-0.182,-0.365,1.013,22.949,45.410,-26.978
-0.144,-0.280,0.979,26.733,44.373,-26.367
-0.085,-0.215,0.966,28.137,46.936,-28.320
0.009,-0.139,1.027,23.499,51.147,-33.936
0.097,-0.047,1.090,15.076,55.115,-38.757
0.181,0.015,1.131,14.343,54.321,-39.185
0.226,0.037,1.143,13.489,45.898,-32.654
0.218,0.013,1.125,5.554,34.912,-21.484
0.183,-0.006,1.120,-6.531,26.489,-9.277
0.137,-0.031,1.125,-17.517,19.592,-1.892
0.107,-0.053,1.118,-19.470,11.963,1.404
0.075,-0.082,1.102,-18.188,2.747,3.845
0.032,-0.118,1.090,-19.653,-4.089,6.348
-0.008,-0.143,1.067,-22.095,-7.629,9.277
-0.048,-0.151,1.057,-23.315,-10.132,13.123
-0.071,-0.177,1.044,-21.912,-11.963,16.541
-0.089,-0.187,1.047,-19.348,-11.230,19.226
-0.086,-0.181,1.031,-14.221,-8.850,21.240
-0.078,-0.167,1.009,-10.986,-4.456,23.376
-0.057,-0.155,0.997,-11.902,2.319,25.696
-0.030,-0.158,1.018,-15.991,7.263,27.222
-0.010,-0.179,1.040,-15.991,6.409,27.710
-0.003,-0.191,1.048,-11.169,2.991,25.757
-0.003,-0.198,1.036,-4.944,-0.732,22.888
-0.010,-0.195,1.028,-1.587,-3.601,19.836
-0.007,-0.187,1.032,-0.244,-4.333,17.029
-0.001,-0.179,1.028,3.357,-3.540,14.099
-0.000,-0.175,1.024,7.690,-2.625,10.864
0.000,-0.161,1.014,12.451,-0.793,7.385
0.006,-0.152,1.006,15.808,1.648,3.296
0.008,-0.178,1.003,14.587,3.723,0.732
0.007,-0.199,1.010,8.667,5.310,-0.305
-0.003,-0.188,1.022,3.845,6.348,-0.916
-0.010,-0.165,1.023,3.418,6.592,-1.587
-0.012,-0.146,1.015,4.456,6.409,-1.709
-0.015,-0.155,1.010,3.967,6.165,-0.916
-0.023,-0.178,1.015,1.160,6.287,1.221
-0.024,-0.192,1.023,-1.465,6.470,4.089
-0.018,-0.179,1.021,-1.892,6.470,6.287
-0.014,-0.176,1.027,-1.953,5.615,6.592
-0.008,-0.176,1.033,-1.587,4.211,6.470
-0.012,-0.175,1.026,-0.610,2.441,7.385
-0.014,-0.183,1.013,-0.854,0.610,8.484
-0.014,-0.192,1.003,-2.808,-0.549,9.644
-0.016,-0.202,1.001,-5.188,-0.916,10.620
-0.015,-0.200,1.007,-7.629,-1.160,10.681
-0.017,-0.192,1.019,-8.301,-1.770,10.193
-0.016,-0.200,1.019,-6.592,-2.563,9.277
-0.017,-0.214,1.018,-5.066,-3.174,8.240
-0.021,-0.211,1.027,-3.784,-4.089,7.019
-0.016,-0.194,1.030,-1.221,-4.456,5.371
-0.016,-0.184,1.028,0.610,-4.639,3.906
-0.030,-0.179,1.024,1.160,-4.944,4.700
-0.040,-0.176,1.022,-0.610,-4.578,6.409
-0.047,-0.162,1.018,-2.258,-3.479,8.301
-0.047,-0.150,1.026,-3.418,-2.258,9.399
-0.041,-0.152,1.035,-3.479,-0.977,10.071
-0.032,-0.152,1.041,-2.075,-0.244,10.071
-0.022,-0.158,1.035,0.977,-0.366,9.216
-0.017,-0.168,1.028,3.601,-0.610,7.629
-0.017,-0.176,1.029,4.761,-0.488,5.737
-0.016,-0.181,1.029,4.639,-0.183,3.662
-0.019,-0.182,1.029,3.723,-0.061,2.197
-0.026,-0.184,1.027,2.808,0.244,2.014
-0.043,-0.189,1.022,2.197,0.793,2.075
-0.053,-0.190,1.009,2.197,0.977,2.747
-0.055,-0.187,1.005,1.587,1.343,3.418
-0.051,-0.183,1.009,1.160,2.258,3.540
-0.035,-0.180,1.008,1.587,2.869,3.540
-0.019,-0.169,1.018,1.099,2.686,3.479
-0.003,-0.165,1.028,0.122,2.441,4.089
0.003,-0.164,1.037,-0.793,1.343,5.249
0.003,-0.162,1.037,-1.343,-0.183,6.165
-0.004,-0.169,1.037,-1.953,-1.709,7.019
-0.017,-0.181,1.037,-2.502,-2.808,7.568
-0.020,-0.193,1.035,-2.136,-3.296,7.507
-0.023,-0.196,1.035,-1.526,-3.662,6.592
-0.025,-0.196,1.036,-0.610,-3.601,5.554
-0.027,-0.199,1.037,0.427,-3.235,5.005
-0.033,-0.203,1.034,0.977,-3.113,4.944
-0.037,-0.202,1.032,1.343,-2.808,4.944
-0.045,-0.207,1.029,1.282,-2.258,4.883
-0.053,-0.204,1.017,1.221,-1.831,4.639
-0.055,-0.184,1.013,0.977,-0.977,3.906
-0.047,-0.171,1.015,0.854,0.366,3.113
-0.034,-0.165,1.019,1.160,1.343,2.869
-0.019,-0.158,1.027,1.282,1.587,2.808
-0.010,-0.157,1.035,1.770,1.221,2.625
-0.016,-0.163,1.029,1.831,0.183,2.747
-1.620,-0.420,0.657,-72.510,12.695,57.922
-1.804,-0.530,0.497,-52.429,27.405,58.472
-1.843,-0.816,0.462,-31.677,50.598,51.819
-1.599,-1.126,0.492,-8.911,80.688,33.447
-1.277,-1.068,0.429,29.236,106.873,-0.916
-0.730,-0.880,0.373,54.749,128.540,-41.016
-0.055,-0.587,0.542,62.866,151.978,-79.895
0.596,-0.210,0.830,62.866,161.987,-101.501
1.345,0.144,1.082,73.242,153.442,-96.497
2.096,0.365,1.313,98.999,132.507,-81.604
2.698,0.549,1.563,106.201,100.403,-64.636
3.066,0.725,1.824,85.571,62.683,-55.298
3.125,0.863,2.045,50.293,27.649,-50.964
2.904,0.923,2.101,19.409,-3.845,-38.208
2.533,0.788,1.903,0.549,-36.926,-11.108
2.028,0.546,1.629,-21.484,-69.580,23.804
1.493,0.264,1.438,-50.049,-89.050,53.467
0.993,0.019,1.251,-70.435,-101.807,73.669
0.596,-0.136,1.025,-71.228,-109.497,84.839
0.296,-0.186,0.842,-59.265,-111.023,83.374
0.111,-0.249,0.727,-44.739,-104.919,71.777
0.019,-0.315,0.669,-31.372,-98.633,57.800
-0.155,-0.342,0.653,-25.574,-97.717,44.556
-0.301,-0.386,0.619,-21.423,-100.586,35.339
-0.453,-0.434,0.581,-17.883,-100.403,30.273
-0.592,-0.471,0.563,-18.860,-93.140,26.245
-0.717,-0.486,0.590,-21.301,-76.599,21.118
-0.796,-0.500,0.643,-21.057,-54.626,14.160
-0.847,-0.496,0.716,-20.691,-32.227,7.324
-0.856,-0.464,0.797,-15.808,-9.583,2.319
-0.849,-0.432,0.866,-15.076,3.113,-2.869
-0.833,-0.440,0.921,-9.460,6.653,-5.615
-0.787,-0.400,0.915,-1.831,9.338,-7.874
-0.702,-0.310,0.895,10.681,12.451,-12.878
-0.615,-0.268,0.907,18.372,15.015,-20.264
-0.524,-0.250,0.943,20.203,15.625,-24.902
-0.459,-0.250,0.991,18.860,13.611,-25.330
-0.407,-0.267,1.015,18.616,10.620,-22.095
-0.365,-0.273,1.016,20.874,7.080,-17.395
-0.334,-0.284,1.007,23.437,4.150,-13.306
-0.298,-0.278,1.012,23.254,4.089,-9.827
-0.241,-0.238,1.035,20.142,6.104,-7.446
-0.166,-0.197,1.054,17.212,8.606,-5.615
-0.096,-0.168,1.078,13.977,11.230,-2.808
-0.043,-0.153,1.090,8.118,13.306,1.343
-0.017,-0.149,1.081,2.075,14.465,5.737
-0.014,-0.139,1.081,-3.540,14.465,7.935
-0.012,-0.129,1.069,-6.470,13.000,8.667
-0.010,-0.115,1.060,-6.287,10.193,8.850
-0.002,-0.110,1.050,-3.784,6.409,8.362
0.000,-0.105,1.045,-0.977,1.648,7.324
-0.004,-0.090,1.030,1.648,-3.174,6.287
-0.015,-0.081,1.016,2.686,-6.714,5.920
-0.033,-0.093,1.021,1.587,-8.606,6.531
-0.053,-0.103,1.034,-0.854,-9.460,7.812
-0.067,-0.108,1.035,-0.916,-9.827,9.399
-0.073,-0.100,1.028,0.610,-10.437,9.705
-0.080,-0.108,1.018,0.977,-9.705,9.094
-0.089,-0.123,1.011,0.000,-6.836,8.118
-0.091,-0.122,1.007,-1.709,-2.869,6.409
-0.094,-0.119,1.008,-2.319,2.258,3.357
-0.091,-0.114,1.017,-2.014,8.179,-0.427
-0.077,-0.125,1.024,-0.793,13.489,-3.601
-0.066,-0.134,1.037,-0.488,15.747,-5.615
-0.049,-0.140,1.048,0.305,15.259,-6.592
-0.038,-0.129,1.054,1.343,13.550,-6.958
-0.032,-0.135,1.059,1.709,10.620,-6.287
-0.033,-0.144,1.065,1.038,7.751,-4.517
-0.045,-0.141,1.067,0.244,4.700,-2.686
-0.059,-0.144,1.065,0.122,2.258,-1.404
-0.073,-0.146,1.051,1.038,0.061,-0.488
-0.081,-0.156,1.043,1.709,-1.404,0.488
-0.090,-0.153,1.041,1.770,-1.953,1.160
-0.090,-0.151,1.041,2.136,-2.136,1.709
-0.087,-0.156,1.033,3.113,-2.075,2.319
-0.084,-0.159,1.028,3.662,-1.892,2.625
-0.078,-0.155,1.026,3.357,-1.770,2.380
-0.074,-0.143,1.025,2.991,-1.831,1.831
-0.072,-0.130,1.018,3.052,-2.441,1.526
-0.071,-0.125,1.009,3.113,-3.296,1.648
-0.081,-0.126,1.002,2.625,-4.517,2.563
-0.098,-0.137,1.000,1.160,-5.249,3.906
-0.117,-0.143,0.996,-0.977,-5.493,5.127
-0.127,-0.139,0.995,-2.380,-5.310,6.531
-0.130,-0.140,0.998,-2.380,-4.211,7.202
-0.129,-0.147,1.002,-2.563,-3.052,7.751
-0.123,-0.156,1.009,-2.502,-2.197,8.118
-0.119,-0.153,1.009,-1.160,-1.404,7.507
-0.123,-0.147,1.003,1.099,-0.854,6.287
-0.124,-0.146,0.999,1.587,-0.061,4.944
-0.122,-0.147,0.998,1.099,1.709,4.272
-0.121,-0.148,1.003,-0.549,3.662,4.211
-0.116,-0.142,1.002,-1.953,5.127,4.517
-0.106,-0.142,1.010,-2.625,6.287,5.005
-0.094,-0.145,1.033,-3.662,6.897,5.127
-0.092,-0.138,1.046,-3.601,6.104,4.944
-0.101,-0.131,1.034,-1.892,4.333,5.127
-0.104,-0.123,1.020,-0.549,3.174,5.798
-0.107,-0.126,1.025,-1.038,2.869,6.531
-0.099,-0.129,1.028,-1.648,3.174,7.324
-0.096,-0.127,1.028,-2.075,3.662,8.423
-0.091,-0.136,1.025,-3.052,4.089,9.521
-0.088,-0.146,1.024,-4.578,4.272,10.376
-0.085,-0.142,1.025,-6.287,4.395,10.193
-0.075,-0.134,1.032,-6.592,4.456,9.033
-0.061,-0.131,1.045,-5.249,3.906,7.446
-0.058,-0.140,1.056,-3.235,2.502,6.714
-0.064,-0.163,1.055,-0.366,1.221,6.592
-0.063,-0.167,1.042,2.075,0.549,6.165
-0.063,-0.155,1.034,2.014,0.244,5.371
-0.060,-0.150,1.036,1.831,0.488,4.456
-0.059,-0.154,1.035,1.770,0.549,4.089
-0.064,-0.158,1.035,1.099,0.610,3.906
-0.074,-0.161,1.035,0.183,0.916,3.723
-0.081,-0.168,1.031,0.366,1.282,3.235
-0.088,-0.168,1.034,0.610,1.831,1.892
-0.083,-0.160,1.033,0.183,2.930,0.610
-0.083,-0.158,1.033,0.305,3.418,-0.183
-0.080,-0.156,1.029,0.610,3.967,-0.610
-1.648,-0.332,0.792,-88.196,6.958,67.810
-2.021,-0.406,0.515,-71.777,16.235,77.515
-2.226,-0.617,0.310,-44.678,31.372,84.167
-2.210,-0.951,0.190,-21.301,63.660,70.862
-1.877,-1.149,0.165,8.240,100.647,35.095
-1.398,-1.081,0.202,35.645,131.104,-17.578
-0.838,-0.932,0.255,52.490,160.889,-69.946
-0.099,-0.630,0.331,58.960,185.486,-104.919
0.730,-0.267,0.555,50.415,198.608,-119.995
1.516,0.084,0.863,24.048,194.031,-117.188
2.303,0.356,1.264,-13.306,165.039,-97.168
2.875,0.581,1.659,-34.668,132.202,-73.181
3.126,0.765,1.930,-40.710,96.985,-51.025
3.026,0.888,1.997,-51.636,55.908,-32.593
2.644,0.931,1.857,-48.645,14.954,-11.658
2.218,0.844,1.639,-34.302,-22.827,9.277
1.840,0.692,1.445,-25.940,-47.485,25.940
1.525,0.558,1.365,-31.372,-61.096,38.696
1.249,0.408,1.301,-41.382,-72.510,51.758
0.976,0.220,1.180,-42.236,-84.534,68.054
0.679,0.028,1.005,-37.292,-94.238,81.360
0.385,-0.114,0.839,-28.564,-95.337,84.595
0.147,-0.200,0.741,-19.348,-91.736,75.623
-0.025,-0.280,0.685,-11.719,-88.501,60.303
-0.156,-0.339,0.669,-3.418,-85.632,46.021
-0.264,-0.378,0.670,2.136,-81.604,34.790
-0.333,-0.409,0.673,6.531,-74.402,27.527
-0.416,-0.422,0.697,6.714,-61.707,22.278
-0.516,-0.423,0.715,4.578,-44.312,19.226
-0.604,-0.436,0.723,2.686,-26.184,16.418
-0.652,-0.440,0.760,1.587,-9.338,11.047
-0.676,-0.432,0.813,2.625,5.310,3.662
-0.660,-0.400,0.842,7.080,17.883,-4.333
-0.566,-0.311,0.873,14.221,29.297,-14.221
-0.443,-0.209,0.949,18.494,37.476,-23.376
-0.347,-0.170,1.024,17.029,35.461,-28.259
-0.278,-0.159,1.051,18.005,27.893,-26.611
-0.253,-0.132,1.049,20.813,19.531,-22.095
-0.258,-0.119,1.040,24.231,12.573,-18.677
-0.260,-0.121,1.041,28.503,8.789,-17.944
-0.245,-0.131,1.045,33.020,5.981,-18.555
-0.207,-0.141,1.056,38.574,3.967,-20.264
-0.156,-0.128,1.062,44.006,3.113,-21.484
-0.110,-0.106,1.080,45.593,2.808,-21.667
-0.071,-0.093,1.095,43.335,2.563,-18.982
-0.042,-0.088,1.107,38.330,2.563,-13.123
-0.021,-0.088,1.104,32.532,2.930,-5.371
-0.009,-0.095,1.094,25.208,3.845,2.136
-0.005,-0.115,1.083,16.785,4.517,8.179
-0.017,-0.126,1.070,8.850,3.784,12.207
-0.031,-0.125,1.056,4.211,1.404,14.038
-0.042,-0.136,1.041,4.456,-1.343,13.794
-0.046,-0.151,1.023,6.409,-3.662,12.085
-0.031,-0.136,1.020,8.972,-5.371,9.583
-0.011,-0.128,1.031,10.986,-6.104,6.592
0.002,-0.124,1.037,11.841,-7.080,4.883
0.000,-0.112,1.027,11.780,-8.728,4.883
-0.001,-0.098,1.012,12.024,-9.033,4.822
-0.004,-0.091,1.007,10.193,-8.118,3.845
-0.010,-0.096,1.008,6.592,-5.859,3.601
-0.015,-0.104,1.011,3.418,-2.380,3.479
-0.015,-0.103,1.021,0.793,1.953,2.380
-0.016,-0.105,1.027,-0.244,6.531,0.183
-0.009,-0.107,1.022,-0.549,11.230,-2.197
0.002,-0.110,1.040,-1.343,14.282,-4.211
0.019,-0.108,1.059,-2.258,15.198,-5.005
0.026,-0.098,1.063,-1.282,13.733,-4.517
0.031,-0.093,1.071,1.282,11.169,-3.601
0.032,-0.099,1.076,4.578,8.240,-2.441
0.034,-0.114,1.070,7.568,5.127,-1.587
0.033,-0.123,1.067,9.521,2.686,-1.221
0.031,-0.127,1.065,10.437,0.671,-0.793
0.028,-0.131,1.063,10.681,-1.099,0.122
0.025,-0.142,1.055,11.108,-2.747,1.282
0.018,-0.152,1.045,11.108,-4.089,2.075
0.013,-0.165,1.049,9.583,-5.432,2.563
0.003,-0.173,1.047,8.545,-6.714,2.686
-0.012,-0.175,1.034,8.362,-7.751,2.625
-0.022,-0.175,1.022,8.301,-8.362,2.441
-0.025,-0.173,1.021,7.629,-8.728,1.892
-0.028,-0.174,1.023,7.141,-8.972,1.648
-0.031,-0.181,1.021,6.592,-9.216,1.648
-0.038,-0.178,1.021,5.981,-9.277,2.197
-0.044,-0.179,1.025,4.395,-9.216,2.991
-0.047,-0.178,1.028,2.625,-8.972,3.784
-0.053,-0.170,1.025,1.526,-8.789,4.395
-0.058,-0.175,1.028,0.366,-8.301,4.944
-0.063,-0.180,1.033,-0.671,-7.812,5.798
-0.070,-0.183,1.027,-0.793,-7.507,6.653
-0.077,-0.180,1.013,0.061,-6.653,6.592
-0.081,-0.172,1.008,0.122,-5.554,5.981
-0.083,-0.172,1.008,-0.854,-4.211,5.676
-0.084,-0.177,1.012,-1.465,-2.930,5.676
-0.080,-0.177,1.002,-0.610,-2.258,5.310
-0.072,-0.164,1.002,0.122,-1.709,4.211
-0.067,-0.155,1.005,-0.549,-1.526,3.113
-0.067,-0.153,1.005,-1.404,-1.770,3.174
-0.071,-0.156,1.001,-1.587,-2.380,4.211
-0.075,-0.161,1.005,-2.136,-2.625,4.944
-0.076,-0.160,1.014,-2.686,-2.441,5.432
-0.069,-0.156,1.010,-2.014,-2.319,5.615
-0.067,-0.156,1.005,-0.488,-2.502,5.737
-0.067,-0.156,1.005,-0.671,-2.808,5.737
-0.069,-0.161,1.001,-1.160,-2.869,5.981
-0.071,-0.166,1.000,-1.160,-2.808,6.104
-0.072,-0.168,1.000,-0.916,-2.747,6.226
-0.068,-0.176,1.004,-0.366,-2.625,6.104
-0.066,-0.183,1.006,-0.122,-2.319,5.737
-0.068,-0.184,1.005,0.610,-2.502,5.737
-0.071,-0.182,1.001,1.221,-2.502,5.127
-0.073,-0.180,1.001,1.587,-2.197,4.089
-0.071,-0.177,1.002,1.404,-1.526,3.296
-0.067,-0.175,1.009,0.366,-0.671,2.747
-0.071,-0.177,1.015,-0.732,0.000,2.930
-0.078,-0.178,1.015,-1.526,0.549,3.357
-0.085,-0.176,1.010,-2.136,1.099,3.540
-0.087,-0.175,1.006,-2.502,1.770,3.235
-0.085,-0.180,1.011,-2.808,2.686,2.747
-0.079,-0.179,1.016,-2.319,3.479,2.075
-1.836,-0.574,0.637,-110.291,-3.784,90.454
-2.254,-0.682,0.422,-62.378,18.372,87.891
-2.361,-0.945,0.104,-8.911,53.650,72.205
-2.142,-1.116,-0.058,25.574,95.276,47.546
-1.618,-1.147,0.025,49.622,145.142,7.507
-0.923,-0.992,0.083,78.674,190.735,-47.119
-0.118,-0.561,0.186,97.656,221.863,-93.384
0.786,-0.065,0.539,103.455,231.873,-120.117
1.691,0.150,1.020,99.121,216.919,-117.798
2.346,0.245,1.467,77.209,181.396,-95.764
2.763,0.291,1.733,42.603,134.949,-65.613
2.869,0.357,1.816,19.897,94.299,-37.231
2.709,0.455,1.756,0.916,52.734,-22.400
2.459,0.490,1.607,-5.127,15.015,-18.127
2.209,0.465,1.496,-13.306,-18.494,-15.686
1.950,0.402,1.455,-20.264,-43.274,-8.911
1.713,0.331,1.415,-33.447,-61.340,4.028
1.429,0.232,1.321,-51.025,-78.491,25.452
1.104,0.085,1.215,-63.232,-93.933,50.354
0.776,-0.076,1.081,-69.153,-105.652,72.937
0.475,-0.228,0.922,-68.176,-110.657,88.013
0.209,-0.305,0.825,-66.284,-106.934,89.844
0.041,-0.339,0.759,-52.612,-97.534,78.125
-0.055,-0.337,0.739,-31.067,-91.370,59.631
-0.152,-0.323,0.740,-12.146,-88.013,40.100
-0.229,-0.309,0.753,1.343,-82.275,25.391
-0.304,-0.323,0.747,7.935,-71.411,18.616
-0.387,-0.343,0.749,6.104,-54.565,16.907
-0.463,-0.367,0.760,2.930,-33.997,13.672
-0.515,-0.381,0.776,1.648,-14.404,7.263
-0.561,-0.368,0.803,0.000,2.014,-1.404
-0.584,-0.325,0.863,3.113,14.771,-10.376
-0.549,-0.282,0.911,11.841,20.264,-19.043
-0.461,-0.255,0.926,24.658,18.799,-24.048
-0.387,-0.245,0.958,33.020,15.686,-25.085
-0.340,-0.254,0.978,35.095,12.024,-23.132
-0.315,-0.250,0.981,30.273,7.935,-18.616
-0.307,-0.245,0.985,22.705,3.967,-15.015
-0.279,-0.221,1.003,18.433,2.625,-11.597
-0.226,-0.224,1.014,22.339,2.319,-9.460
-0.169,-0.248,1.025,27.771,2.258,-8.362
-0.126,-0.261,1.031,29.846,1.953,-7.507
-0.092,-0.261,1.024,28.870,2.136,-6.226
-0.060,-0.240,1.025,25.146,3.174,-4.333
-0.035,-0.222,1.026,19.653,5.249,-1.831
-0.000,-0.213,1.029,13.611,7.935,1.038
0.040,-0.206,1.050,6.470,10.498,3.906
0.067,-0.209,1.070,0.671,10.925,6.165
0.077,-0.217,1.080,-3.906,8.667,8.118
0.063,-0.220,1.076,-5.432,3.723,9.460
0.038,-0.212,1.060,-4.333,-1.892,9.399
0.017,-0.210,1.033,-0.244,-6.897,8.301
0.005,-0.202,1.007,2.625,-10.559,6.775
0.000,-0.198,1.001,3.540,-12.756,5.554
-0.004,-0.181,1.001,3.967,-13.367,4.456
-0.007,-0.159,0.995,6.042,-13.672,3.967
-0.006,-0.145,0.989,7.629,-13.550,3.235
-0.004,-0.136,0.991,6.714,-11.719,1.892
-0.008,-0.126,0.991,4.211,-8.301,1.587
-0.007,-0.118,0.989,2.197,-4.028,1.709
-0.000,-0.113,1.000,0.916,1.221,0.671
0.018,-0.110,1.009,0.000,7.202,-1.160
0.036,-0.120,1.026,-1.465,12.329,-3.052
0.055,-0.135,1.038,-3.052,14.099,-3.784
0.074,-0.136,1.049,-4.639,13.245,-2.686
0.081,-0.156,1.060,-6.531,10.986,-0.488
0.077,-0.177,1.063,-8.057,8.118,1.953
0.066,-0.179,1.061,-8.850,4.761,3.662
0.054,-0.179,1.060,-8.423,2.380,4.456
0.043,-0.173,1.059,-6.897,0.427,4.700
0.033,-0.174,1.049,-4.822,-1.221,4.883
0.022,-0.172,1.041,-2.747,-2.563,5.310
0.014,-0.171,1.033,-2.625,-3.174,5.432
0.005,-0.178,1.024,-1.648,-3.662,5.615
0.001,-0.185,1.016,0.244,-3.662,5.676
0.002,-0.191,1.016,1.709,-3.601,4.822
0.005,-0.198,1.019,1.099,-3.296,3.357
0.006,-0.200,1.027,0.000,-3.296,1.953
0.008,-0.208,1.038,0.061,-4.089,0.305
0.006,-0.217,1.052,1.404,-5.005,-0.732
-0.002,-0.226,1.047,3.540,-6.470,-0.671
-0.018,-0.221,1.030,5.981,-7.874,-0.549
-0.024,-0.217,1.020,6.531,-8.179,-0.366
-0.023,-0.214,1.020,5.676,-8.179,0.183
-0.021,-0.205,1.017,4.639,-7.690,1.099
-0.023,-0.197,1.014,2.258,-7.141,2.014
-0.032,-0.189,1.006,-0.793,-6.653,3.235
-0.049,-0.184,0.996,-3.052,-5.737,4.456
-0.061,-0.186,0.990,-4.639,-4.272,5.066
-0.066,-0.187,0.985,-6.409,-2.197,5.310
-0.064,-0.189,0.993,-7.385,0.061,5.188
-0.052,-0.186,1.002,-7.385,2.014,4.578
-0.034,-0.176,1.006,-6.470,3.540,3.784
-0.022,-0.165,1.019,-6.714,3.845,2.686
-0.024,-0.163,1.025,-6.714,3.235,2.502
-0.029,-0.170,1.013,-5.371,2.197,3.052
-0.033,-0.175,1.006,-4.333,1.282,3.235
-0.032,-0.176,1.008,-4.822,0.916,3.296
-0.029,-0.181,1.017,-5.432,0.977,3.601
-0.029,-0.186,1.014,-4.089,0.671,3.906
-0.034,-0.182,1.005,-2.441,0.305,4.028
-0.038,-0.178,0.999,-1.038,0.549,3.601
-0.036,-0.179,0.999,-0.366,0.977,2.747
-0.034,-0.173,1.001,-0.122,1.404,2.136
-0.031,-0.160,0.999,-0.061,1.587,1.648
-0.028,-0.149,0.997,0.427,1.648,1.526
-0.024,-0.145,0.998,0.488,1.831,1.282
-0.023,-0.149,0.994,1.526,2.075,1.892
-0.024,-0.161,0.988,1.831,1.892,2.197
-0.021,-0.168,0.995,1.404,2.441,2.014
-0.019,-0.180,1.004,0.793,3.174,1.099
-0.013,-0.185,1.009,0.732,3.906,-0.061
-0.000,-0.184,1.009,0.916,4.211,-1.038
0.014,-0.170,1.016,-0.671,4.761,-1.526
0.024,-0.154,1.028,-2.747,4.578,-1.465
0.026,-0.147,1.026,-3.174,3.601,-0.793
0.017,-0.149,1.013,-3.235,2.625,0.488
0.008,-0.154,1.002,-3.174,2.197,1.831
0.000,-0.159,1.001,-3.662,2.075,2.441
1.660,-0.259,0.930,8.240,31.494,-12.573
1.844,-0.127,0.956,-6.348,22.400,-13.062
1.949,0.032,1.009,-14.526,15.259,-16.907
1.955,0.104,1.035,-17.700,4.211,-18.188
1.828,0.075,1.048,-17.273,-10.376,-11.292
1.600,-0.011,1.025,-16.418,-25.330,-2.747
1.277,-0.092,0.949,-19.531,-40.588,6.592
0.933,-0.142,0.839,-25.574,-52.979,15.686
0.637,-0.185,0.794,-32.043,-56.152,20.569
0.419,-0.241,0.851,-37.964,-50.293,21.973
0.228,-0.271,0.947,-43.335,-42.664,20.325
0.053,-0.302,1.004,-43.579,-36.987,17.029
-0.091,-0.322,1.012,-37.109,-31.982,12.817
-0.197,-0.338,1.009,-31.677,-26.062,7.141
-0.286,-0.340,1.034,-29.419,-20.752,1.831
-0.361,-0.333,1.066,-27.954,-17.944,-1.892
-0.428,-0.324,1.121,-26.428,-17.883,-3.967
-0.517,-0.314,1.167,-26.245,-19.836,-4.578
-0.618,-0.282,1.187,-27.222,-23.376,-3.906
-0.707,-0.247,1.169,-23.682,-26.733,-2.930
-0.754,-0.213,1.109,-15.076,-28.015,-2.808
-0.760,-0.201,1.051,-5.737,-26.978,-2.808
-0.731,-0.211,1.018,0.671,-23.743,-2.808
-0.699,-0.179,1.002,5.005,-20.020,-3.113
-0.651,-0.148,0.976,11.902,-15.991,-3.357
-0.578,-0.136,0.959,19.104,-11.414,-3.845
-0.496,-0.144,0.955,22.888,-6.714,-4.333
-0.434,-0.159,0.943,22.583,-2.563,-4.211
-0.390,-0.155,0.946,16.235,1.343,-4.272
-0.349,-0.126,0.953,10.071,5.432,-4.272
-0.286,-0.130,0.958,9.338,10.071,-4.272
-0.209,-0.144,0.959,12.024,13.611,-3.784
-0.144,-0.133,0.954,14.526,15.808,-3.113
-0.080,-0.108,0.949,14.771,18.066,-3.052
-0.021,-0.084,0.966,12.390,18.372,-2.441
0.032,-0.074,0.990,9.827,17.700,-0.488
0.073,-0.081,1.000,8.301,15.503,2.380
0.097,-0.081,1.016,3.174,12.634,5.493
0.103,-0.078,1.029,-4.028,10.010,8.911
0.097,-0.080,1.042,-9.521,6.592,12.512
0.081,-0.080,1.044,-12.390,3.235,15.625
0.056,-0.083,1.040,-12.390,-0.122,17.517
0.032,-0.079,1.025,-10.803,-3.174,17.639
0.009,-0.083,1.013,-9.705,-5.676,16.785
-0.010,-0.095,1.004,-8.423,-7.446,16.296
-0.026,-0.118,1.006,-8.240,-7.690,15.564
-0.040,-0.127,1.007,-7.751,-6.714,14.832
-0.045,-0.123,1.001,-5.554,-4.944,13.977
-0.030,-0.118,1.004,-3.296,-2.014,12.634
-0.008,-0.117,1.016,-2.563,2.319,12.024
0.007,-0.125,1.025,-3.296,6.531,12.146
0.021,-0.134,1.034,-3.784,10.315,10.864
0.036,-0.131,1.037,-3.479,12.512,8.362
0.049,-0.123,1.047,-2.625,13.550,5.554
0.059,-0.135,1.062,-2.869,13.306,3.418
0.061,-0.159,1.082,-3.418,11.475,2.563
0.056,-0.165,1.091,-3.540,8.667,2.014
0.045,-0.161,1.081,-2.502,5.371,1.160
0.035,-0.151,1.063,-1.709,2.808,0.122
0.029,-0.149,1.051,-1.221,1.099,-0.061
0.024,-0.148,1.042,-2.258,-0.122,1.099
0.018,-0.153,1.035,-4.272,-1.160,2.991
0.007,-0.165,1.029,-4.944,-1.770,4.578
-0.007,-0.160,1.022,-3.052,-2.319,5.371
-0.016,-0.149,1.000,-0.244,-2.869,5.798
-0.016,-0.136,0.995,1.648,-2.625,5.249
-0.010,-0.130,1.002,2.258,-2.197,4.395
-0.005,-0.128,1.004,3.357,-2.075,3.967
-0.010,-0.124,1.001,3.723,-2.319,4.333
-0.022,-0.124,1.001,3.235,-2.563,5.127
-0.033,-0.155,0.999,2.258,-2.625,5.737
-0.037,-0.184,0.992,0.122,-2.625,5.188
-0.041,-0.159,1.000,-3.418,-2.197,2.747
-0.030,-0.117,1.008,-5.066,-1.587,-0.366
-0.009,-0.100,1.028,-4.456,-1.221,-1.770
0.013,-0.111,1.051,-2.686,-1.953,-1.526
0.020,-0.110,1.052,-0.916,-3.845,-0.854
-0.003,-0.117,1.040,1.282,-5.676,0.916
-0.024,-0.153,1.012,1.526,-5.371,2.319
-0.048,-0.146,1.006,-1.282,-3.540,2.747
-0.056,-0.134,1.010,-2.319,-0.977,2.625
-0.052,-0.136,1.001,-0.549,0.916,2.136
-0.046,-0.124,0.995,0.793,2.258,1.587
-0.050,-0.105,1.000,-0.610,3.174,0.732
-0.049,-0.098,1.000,-1.770,3.723,0.916
-0.053,-0.094,1.000,-1.709,4.089,1.892
-0.049,-0.102,0.999,-0.427,4.456,3.601
-0.035,-0.105,1.006,0.122,4.700,4.028
-0.026,-0.115,1.019,-0.366,4.822,3.906
-0.020,-0.124,1.021,-0.061,4.333,3.723
-0.017,-0.138,1.025,0.305,3.601,3.662
-0.018,-0.146,1.029,0.488,2.991,3.235
-0.016,-0.152,1.025,1.404,2.441,3.235
-0.014,-0.160,1.026,1.709,1.953,3.723
-0.016,-0.166,1.026,1.343,1.465,4.028
-0.020,-0.170,1.028,1.770,1.404,4.395
-0.022,-0.171,1.024,2.380,1.404,4.333
-0.022,-0.164,1.020,3.784,1.587,3.784
-0.014,-0.151,1.012,4.944,1.831,3.113
-0.011,-0.146,1.014,4.150,1.770,2.930
-0.007,-0.151,1.021,2.502,2.258,3.662
-0.007,-0.153,1.021,1.160,2.502,4.578
-0.010,-0.151,1.024,-0.061,2.563,5.066
-0.016,-0.149,1.025,-0.916,3.113,4.944
-0.017,-0.147,1.024,-0.732,3.601,4.700
-0.015,-0.146,1.021,-0.488,3.906,3.723
-0.011,-0.134,1.020,-0.061,4.395,2.563
-0.006,-0.128,1.020,-0.122,4.333,1.770
0.000,-0.123,1.023,-0.122,4.333,1.648
0.004,-0.121,1.030,-0.793,3.845,2.319
0.008,-0.127,1.035,-0.549,3.052,3.235
0.012,-0.140,1.039,0.488,2.197,4.150
0.010,-0.149,1.037,1.770,0.854,4.395
0.004,-0.148,1.031,2.136,-0.122,4.150
-0.002,-0.143,1.031,1.343,-0.977,3.967
-0.008,-0.146,1.034,0.244,-1.282,4.211
-0.018,-0.148,1.030,0.244,-1.526,5.005
-0.026,-0.146,1.023,1.221,-1.953,5.432
-0.031,-0.147,1.009,1.831,-2.014,5.554
1.627,-0.247,1.000,1.953,42.542,-22.888
1.750,-0.123,1.025,-13.123,35.461,-19.836
1.805,-0.001,1.036,-26.367,27.161,-12.756
1.806,0.088,1.045,-33.997,16.113,-5.737
1.748,0.132,1.025,-34.546,2.991,0.793
1.603,0.143,0.964,-30.518,-11.475,8.057
1.411,0.114,0.859,-24.902,-25.146,14.587
1.176,0.056,0.753,-23.560,-35.583,20.447
0.891,-0.008,0.664,-24.536,-41.931,24.719
0.641,-0.077,0.622,-21.667,-44.006,27.222
0.450,-0.157,0.618,-17.151,-42.053,26.306
0.312,-0.222,0.647,-10.925,-35.400,21.423
0.207,-0.251,0.712,-6.714,-27.527,13.611
0.134,-0.243,0.787,-4.456,-21.057,5.432
0.083,-0.249,0.907,-6.470,-16.296,-1.038
-0.012,-0.276,1.027,-13.611,-14.709,-3.296
-0.132,-0.308,1.115,-17.273,-15.747,-2.563
-0.237,-0.324,1.170,-16.724,-17.334,-2.747
-0.330,-0.318,1.223,-15.625,-18.311,-3.357
-0.392,-0.286,1.263,-17.334,-18.250,-3.967
-0.423,-0.254,1.284,-17.456,-17.883,-3.174
-0.437,-0.235,1.284,-15.503,-18.616,-1.160
-0.447,-0.229,1.253,-12.817,-19.775,1.221
-0.468,-0.230,1.198,-10.132,-21.057,3.784
-0.480,-0.221,1.145,-6.897,-21.545,4.578
-0.481,-0.190,1.131,-5.188,-20.874,2.136
-0.471,-0.140,1.115,-1.770,-19.775,-1.465
-0.458,-0.116,1.079,4.944,-18.494,-3.845
-0.444,-0.109,1.055,9.155,-16.663,-5.371
-0.429,-0.097,1.047,9.033,-13.489,-6.714
-0.405,-0.079,1.024,8.789,-9.644,-7.935
-0.359,-0.073,1.005,11.353,-5.554,-9.033
-0.299,-0.084,0.990,14.648,-1.770,-10.559
-0.243,-0.096,0.973,16.418,0.916,-10.986
-0.194,-0.119,0.956,17.151,2.808,-10.437
-0.152,-0.153,0.941,17.090,4.272,-9.155
-0.115,-0.165,0.928,14.893,5.066,-8.545
-0.079,-0.142,0.943,10.620,6.226,-9.155
-0.034,-0.114,0.972,6.042,7.019,-9.155
0.001,-0.107,1.001,2.441,6.775,-7.568
0.024,-0.108,1.014,-0.183,5.310,-4.395
0.028,-0.112,1.015,-3.235,3.357,-0.977
0.015,-0.107,1.010,-6.165,1.038,2.258
-0.002,-0.092,1.000,-7.141,-0.854,5.127
-0.021,-0.076,0.990,-6.531,-2.014,6.714
-0.036,-0.070,0.978,-5.493,-2.563,7.263
-0.037,-0.069,0.982,-4.028,-2.197,7.202
-0.027,-0.075,0.995,-2.258,-1.038,6.653
-0.016,-0.094,1.005,-1.282,0.305,6.042
-0.006,-0.115,1.014,-1.282,1.282,5.798
0.009,-0.126,1.027,-1.343,2.625,5.310
0.030,-0.119,1.043,-1.160,4.150,4.028
0.044,-0.108,1.056,-2.136,5.127,2.930
0.054,-0.089,1.065,-3.418,5.981,2.197
0.055,-0.080,1.070,-4.639,6.226,1.404
0.053,-0.082,1.071,-5.493,6.104,1.099
0.049,-0.081,1.074,-5.859,5.432,1.099
0.047,-0.075,1.069,-5.310,4.272,0.793
0.041,-0.070,1.068,-4.883,2.563,0.610
0.036,-0.074,1.067,-4.456,0.916,0.793
0.027,-0.084,1.062,-3.601,-0.732,1.465
0.019,-0.095,1.051,-2.441,-2.502,2.136
0.005,-0.097,1.045,-1.648,-3.662,2.747
-0.007,-0.098,1.033,-1.282,-4.333,3.296
-0.021,-0.100,1.020,0.244,-4.333,4.395
-0.027,-0.095,1.007,2.197,-4.150,5.432
-0.025,-0.098,1.005,2.869,-3.784,6.226
-0.021,-0.106,1.013,2.380,-3.357,6.653
-0.019,-0.106,1.016,2.869,-3.784,6.775
-0.026,-0.106,1.005,4.333,-4.578,6.897
-0.038,-0.110,0.998,4.883,-5.066,7.202
-0.043,-0.132,0.996,4.272,-5.249,7.385
-0.042,-0.144,1.000,3.723,-5.066,6.958
-0.044,-0.135,1.000,3.845,-4.944,5.310
-0.044,-0.119,0.996,4.944,-4.761,3.174
-0.050,-0.115,1.000,4.822,-4.272,2.197
-0.054,-0.119,1.000,3.845,-3.479,2.502
-0.058,-0.139,1.004,2.686,-2.686,3.479
-0.053,-0.155,1.005,1.709,-1.709,3.723
-0.047,-0.141,1.006,0.854,-0.549,2.563
-0.043,-0.129,1.006,0.366,0.427,1.160
-0.044,-0.121,1.004,0.549,1.282,0.610
-0.050,-0.119,1.001,0.671,1.831,1.221
-0.051,-0.122,1.000,0.732,2.441,2.197
-0.044,-0.122,1.001,0.977,3.113,2.625
-0.040,-0.120,1.007,0.427,3.296,3.357
-0.036,-0.112,1.008,0.488,3.357,3.601
-0.039,-0.112,1.004,0.549,3.113,4.395
-0.046,-0.113,1.002,-0.244,3.052,5.554
-0.052,-0.115,1.001,-1.038,3.052,6.836
-0.057,-0.132,1.010,-1.465,3.357,8.057
-0.050,-0.157,1.014,-0.854,3.662,8.728
-0.046,-0.152,1.016,-0.122,3.723,8.179
-0.035,-0.135,1.014,1.160,3.601,6.348
-0.025,-0.126,1.017,2.502,3.235,4.578
-0.020,-0.124,1.017,3.357,2.808,3.174
-0.017,-0.120,1.010,4.150,2.319,2.625
-0.021,-0.113,1.009,3.418,2.502,2.930
-0.024,-0.106,1.010,2.441,2.747,3.723
-0.023,-0.112,1.018,2.258,3.052,5.310
-0.021,-0.135,1.025,2.014,2.991,6.714
-0.019,-0.156,1.021,1.038,2.563,7.568
-0.015,-0.144,1.027,-0.488,2.258,7.202
-0.010,-0.137,1.037,-0.122,2.075,6.409
-0.001,-0.147,1.028,2.197,1.587,5.371
0.004,-0.136,1.023,3.662,1.282,4.028
0.006,-0.126,1.028,3.540,1.465,3.052
0.006,-0.125,1.028,2.502,1.709,3.418
0.003,-0.136,1.026,0.732,1.648,4.944
-0.003,-0.145,1.028,-1.160,1.770,6.592
-0.016,-0.152,1.029,-1.892,1.770,7.141
-0.024,-0.148,1.030,-0.977,1.587,6.653
-0.027,-0.143,1.023,1.526,1.160,5.432
-0.024,-0.130,1.020,3.601,1.038,4.089
-0.020,-0.124,1.021,4.211,0.916,3.113
-0.023,-0.126,1.021,3.784,0.793,3.296
-0.028,-0.135,1.020,3.479,0.732,4.272
-0.034,-0.147,1.017,2.808,0.671,5.432
-0.038,-0.153,1.019,1.892,0.977,5.737
1.457,-0.341,1.008,31.921,46.143,-15.381
1.645,-0.217,1.047,21.912,39.795,-18.677
1.880,-0.099,1.090,13.306,33.691,-21.484
2.081,0.031,1.173,8.362,23.437,-21.729
2.180,0.141,1.246,-0.488,8.606,-19.104
2.078,0.198,1.274,-13.000,-9.216,-10.315
1.828,0.192,1.215,-22.888,-29.114,3.296
1.489,0.128,1.051,-28.748,-50.110,20.508
1.100,0.032,0.872,-35.583,-64.941,34.729
0.764,-0.067,0.744,-42.603,-69.641,42.053
0.488,-0.120,0.723,-44.067,-68.420,43.640
0.291,-0.165,0.726,-41.504,-63.599,39.734
0.135,-0.205,0.723,-33.691,-56.702,33.936
-0.012,-0.256,0.730,-25.574,-48.828,26.245
-0.148,-0.309,0.756,-20.325,-40.588,18.494
-0.248,-0.325,0.805,-17.090,-32.837,10.620
-0.315,-0.322,0.865,-14.221,-27.100,3.540
-0.364,-0.316,0.930,-12.024,-23.682,-1.099
-0.406,-0.320,0.996,-10.681,-22.400,-3.967
-0.467,-0.320,1.036,-11.536,-22.461,-4.883
-0.536,-0.307,1.055,-11.841,-23.193,-4.578
-0.592,-0.283,1.048,-10.376,-22.888,-3.845
-0.618,-0.267,1.042,-8.240,-21.179,-2.747
-0.618,-0.259,1.029,-5.737,-18.677,-1.587
-0.589,-0.238,1.021,-1.770,-15.747,-1.343
-0.537,-0.222,1.036,1.404,-12.390,-2.380
-0.494,-0.196,1.060,3.662,-9.949,-3.967
-0.455,-0.154,1.073,5.432,-8.667,-4.761
-0.416,-0.132,1.072,7.812,-7.568,-4.028
-0.376,-0.127,1.063,9.949,-6.165,-2.319
-0.343,-0.132,1.046,11.230,-4.700,-1.221
-0.299,-0.133,1.028,10.864,-2.075,-1.099
-0.245,-0.124,1.028,9.705,1.099,-2.014
-0.183,-0.134,1.028,10.376,3.723,-3.174
-0.127,-0.140,1.030,11.719,5.493,-4.150
-0.076,-0.132,1.034,12.207,5.859,-5.310
-0.029,-0.135,1.033,12.451,4.944,-6.042
-0.002,-0.136,1.027,12.817,2.747,-5.920
0.013,-0.133,1.017,11.292,0.671,-5.249
0.021,-0.128,1.013,8.362,-0.854,-4.395
0.031,-0.118,1.006,3.967,-1.953,-3.418
0.033,-0.113,1.000,0.427,-3.540,-1.587
0.038,-0.109,1.007,-0.916,-5.005,0.732
0.040,-0.107,1.012,-2.136,-6.042,2.808
0.037,-0.097,1.010,-3.174,-7.507,4.272
0.024,-0.094,1.012,-4.089,-8.606,5.554
0.010,-0.114,1.006,-4.944,-9.399,6.470
-0.011,-0.122,1.005,-5.188,-9.033,6.836
-0.029,-0.107,1.000,-5.432,-7.751,6.531
-0.041,-0.103,1.001,-4.944,-5.920,6.226
-0.037,-0.106,1.008,-4.700,-3.479,6.226
-0.028,-0.098,1.017,-4.944,-1.099,6.592
-0.019,-0.090,1.021,-5.005,1.404,6.592
-0.016,-0.089,1.031,-5.432,2.930,6.348
-0.012,-0.102,1.041,-4.883,3.296,5.798
-0.010,-0.120,1.043,-2.930,2.808,4.822
-0.008,-0.134,1.044,-1.404,1.709,3.723
-0.009,-0.142,1.045,-0.671,0.610,2.197
-0.012,-0.140,1.045,-0.732,-0.427,1.221
-0.013,-0.134,1.045,-0.916,-1.343,0.610
-0.016,-0.137,1.052,-1.343,-2.197,0.671
-0.020,-0.137,1.050,-1.770,-3.113,1.221
-0.028,-0.130,1.033,-0.916,-4.150,1.953
-0.039,-0.128,1.018,-0.061,-4.883,3.052
-0.047,-0.137,1.009,0.183,-4.944,3.784
-0.050,-0.137,1.000,0.854,-4.761,3.784
-0.041,-0.133,1.001,2.136,-4.333,3.113
-0.033,-0.131,1.008,3.235,-4.150,2.197
-0.025,-0.132,1.008,4.089,-4.517,1.892
-0.027,-0.136,1.015,3.479,-5.066,2.014
-0.031,-0.141,1.017,2.502,-5.554,2.258
-0.042,-0.147,1.015,2.319,-6.287,2.502
-0.053,-0.152,1.007,2.686,-6.714,2.136
-0.064,-0.149,1.001,2.319,-6.836,1.526
-0.068,-0.147,1.000,1.831,-6.287,0.977
-0.066,-0.149,1.003,1.282,-5.310,0.916
-0.064,-0.150,1.001,1.709,-4.578,0.916
-0.072,-0.150,0.993,1.831,-3.845,1.465
-0.080,-0.151,0.989,0.305,-2.502,1.465
-0.083,-0.141,0.988,-1.038,-1.038,1.221
-0.082,-0.132,0.990,-1.709,0.488,0.977
-0.082,-0.126,0.990,-1.587,1.831,0.793
-0.084,-0.123,0.997,-1.770,2.747,0.610
-0.085,-0.112,1.000,-2.197,3.174,0.793
-0.083,-0.104,0.997,-1.892,2.991,0.854
-0.082,-0.108,0.998,-1.953,2.930,1.587
-0.080,-0.115,0.997,-2.258,2.869,2.747
-0.081,-0.125,0.994,-2.869,2.747,4.089
-0.078,-0.136,0.991,-2.808,2.441,5.127
-0.075,-0.138,0.993,-2.625,2.563,5.310
-0.075,-0.135,0.996,-2.014,2.686,4.700
-0.071,-0.136,0.996,-0.366,2.747,3.784
-0.070,-0.136,1.000,1.404,2.563,2.625
-0.068,-0.132,1.003,2.197,2.319,1.648
-0.064,-0.127,1.006,2.747,2.380,1.099
-0.058,-0.127,1.007,2.930,2.625,1.160
-0.054,-0.137,1.013,2.136,2.686,1.648
-0.053,-0.146,1.017,0.610,3.052,2.258
-0.054,-0.146,1.016,0.244,3.296,2.563
-0.053,-0.151,1.010,0.305,3.601,2.563
-0.043,-0.151,1.009,0.061,4.089,2.380
-0.032,-0.149,1.018,-0.549,4.578,1.709
-0.019,-0.150,1.031,-0.549,4.639,1.038
-0.011,-0.142,1.034,0.732,4.333,0.366
-0.011,-0.130,1.029,1.160,3.845,0.366
-0.020,-0.129,1.024,0.183,3.418,1.221
-0.029,-0.132,1.022,-1.099,3.174,2.441
-0.036,-0.142,1.022,-1.892,3.113,3.784
-0.043,-0.147,1.027,-2.075,3.235,4.578
-0.042,-0.137,1.021,-1.587,3.540,4.639
-0.041,-0.125,1.021,-1.221,3.479,3.967
-0.041,-0.117,1.029,-1.587,3.601,3.845
-0.038,-0.113,1.025,-1.282,3.357,4.395
-0.039,-0.116,1.023,-0.916,2.686,4.944
-0.039,-0.123,1.021,-1.282,2.197,5.066
-0.039,-0.124,1.026,-1.465,1.709,4.700
-0.040,-0.120,1.028,-0.610,1.099,3.906
-0.042,-0.119,1.015,1.343,0.610,3.235
-0.046,-0.123,1.008,1.953,0.183,3.174
-1.584,-0.195,0.895,-94.238,16.602,63.538
-1.799,-0.133,0.698,-78.918,28.076,67.932
-1.860,-0.227,0.475,-49.805,42.358,67.993
-1.754,-0.382,0.390,-22.156,63.110,55.359
-1.528,-0.497,0.484,-5.127,90.332,27.893
-1.125,-0.435,0.629,17.761,113.831,-3.906
-0.623,-0.323,0.685,58.899,126.709,-35.889
-0.062,-0.217,0.727,104.736,131.409,-58.533
0.507,-0.078,0.851,120.178,126.709,-67.627
1.023,0.014,1.030,106.445,116.699,-63.232
1.392,-0.054,1.159,78.674,101.990,-47.791
1.554,-0.130,1.218,44.006,82.153,-26.672
1.641,-0.141,1.214,20.813,63.110,-13.428
1.678,-0.057,1.195,10.010,46.631,-11.414
1.723,0.067,1.172,10.498,33.569,-14.404
1.779,0.176,1.155,15.259,22.705,-15.076
1.800,0.230,1.146,14.343,13.245,-9.583
1.758,0.255,1.132,6.470,3.662,-0.244
1.666,0.263,1.109,-2.136,-5.859,9.338
1.543,0.247,1.077,-8.728,-15.503,17.395
1.383,0.212,1.044,-10.437,-24.719,24.658
1.193,0.127,1.004,-16.174,-31.372,28.748
0.965,0.033,0.925,-21.301,-36.987,32.104
0.737,-0.073,0.838,-21.912,-43.030,33.630
0.539,-0.141,0.807,-22.095,-46.509,32.104
0.401,-0.186,0.794,-18.188,-44.312,28.320
0.329,-0.227,0.792,-10.315,-39.978,23.010
0.265,-0.252,0.826,-3.540,-34.912,17.151
0.217,-0.274,0.864,-1.343,-27.954,9.827
0.174,-0.279,0.903,0.000,-21.667,2.441
0.140,-0.260,0.940,1.160,-18.066,-3.967
0.094,-0.231,0.973,1.648,-16.724,-8.911
0.045,-0.212,1.006,0.977,-17.212,-11.108
-0.007,-0.196,1.045,-1.526,-19.409,-11.047
-0.058,-0.192,1.087,-5.310,-21.851,-9.705
-0.117,-0.194,1.141,-10.010,-25.024,-7.080
-0.195,-0.200,1.173,-13.245,-28.687,-4.089
-0.279,-0.214,1.174,-12.878,-32.654,-0.854
-0.349,-0.214,1.158,-9.155,-35.583,1.343
-0.400,-0.203,1.146,-5.066,-37.354,0.916
-0.427,-0.175,1.158,-2.747,-37.842,-0.061
-0.437,-0.161,1.167,-0.610,-36.621,0.244
-0.439,-0.162,1.138,4.150,-35.889,2.747
-0.430,-0.172,1.097,9.155,-34.607,5.127
-0.423,-0.195,1.067,11.597,-31.799,5.676
-0.413,-0.217,1.038,11.597,-28.687,4.883
-0.395,-0.233,1.008,12.817,-26.184,1.953
-0.362,-0.245,0.995,16.541,-23.437,-2.197
-0.335,-0.254,0.992,19.226,-21.118,-6.897
-0.325,-0.259,1.013,15.991,-19.409,-9.583
-0.325,-0.256,1.014,11.841,-17.944,-9.888
-0.317,-0.235,0.994,9.583,-16.174,-9.033
-0.301,-0.216,0.989,4.761,-12.817,-7.324
-0.275,-0.195,0.999,-1.648,-8.606,-4.944
-0.240,-0.178,0.994,-5.371,-5.310,-3.296
-0.197,-0.155,0.973,-6.653,-3.113,-2.441
-0.173,-0.120,0.955,-5.554,-2.563,-0.854
-0.141,-0.099,0.921,-4.333,-2.441,1.221
-0.131,-0.095,0.907,-2.319,-2.930,5.005
-0.122,-0.096,0.910,-2.441,-2.747,7.141
-0.122,-0.094,0.911,-2.747,-2.197,7.812
-0.123,-0.105,0.913,-2.930,-1.404,7.324
-0.111,-0.126,0.932,-3.174,-0.366,6.226
-0.095,-0.149,0.952,-2.441,0.916,4.456
-0.073,-0.150,0.963,-1.160,1.343,2.441
-0.043,-0.141,0.978,0.305,1.648,0.488
-0.011,-0.144,1.004,-0.122,1.465,-0.122
0.005,-0.157,1.024,-1.709,0.671,1.099
0.004,-0.162,1.032,-3.418,-0.793,2.808
-0.014,-0.155,1.024,-4.883,-1.831,4.211
-0.034,-0.149,1.010,-5.920,-1.770,4.883
-0.049,-0.139,1.002,-6.409,-0.671,4.822
-0.052,-0.122,1.000,-6.592,1.465,4.333
-0.057,-0.111,1.004,-7.324,3.418,3.723
-0.038,-0.111,1.000,-9.277,4.944,2.502
-0.033,-0.105,1.005,-8.423,5.493,1.648
-0.031,-0.109,1.009,-7.263,5.676,1.160
-0.032,-0.104,1.009,-5.432,5.432,1.587
-0.027,-0.101,1.012,-3.418,4.944,1.648
-0.025,-0.104,1.015,-1.343,4.517,1.709
-0.028,-0.105,1.007,0.977,3.845,1.587
-0.030,-0.099,1.000,2.686,2.869,0.916
-0.031,-0.099,1.000,3.479,2.441,0.244
-0.034,-0.108,1.002,3.540,2.014,0.122
-0.033,-0.101,1.002,3.418,1.770,0.610
-0.032,-0.105,1.004,3.296,1.282,1.709
-0.034,-0.118,1.005,2.625,0.732,3.113
-0.039,-0.132,1.010,2.014,0.122,4.089
-0.046,-0.146,1.015,1.953,-0.244,3.723
-0.058,-0.154,1.017,2.014,-0.488,3.174
-0.067,-0.150,1.011,2.258,-0.549,2.258
-0.074,-0.147,1.009,2.075,-0.610,1.099
-0.078,-0.144,1.007,1.526,0.183,0.366
-0.081,-0.137,1.005,1.282,1.038,0.366
-0.082,-0.135,1.003,0.549,2.075,0.549
-0.079,-0.134,1.005,-0.610,3.296,0.854
-0.072,-0.127,1.006,-0.977,4.395,0.854
-0.065,-0.125,1.013,-1.465,5.005,0.549
-0.053,-0.120,1.015,-1.404,5.432,0.366
-0.051,-0.122,1.018,-1.465,5.249,0.488
-0.050,-0.124,1.019,-1.953,5.066,0.977
-0.048,-0.125,1.014,-1.404,4.883,1.526
-0.048,-0.120,1.010,-1.160,4.700,2.014
-0.047,-0.106,1.010,-1.221,4.822,2.502
-0.044,-0.104,1.012,-0.977,4.700,2.991
-0.041,-0.110,1.014,-0.488,4.517,3.723
-0.039,-0.114,1.019,0.000,4.211,4.028
-0.035,-0.118,1.021,0.854,4.028,4.089
-0.028,-0.119,1.015,2.197,3.479,3.784
-0.027,-0.117,1.015,1.831,3.113,3.479
-0.027,-0.129,1.025,1.526,2.502,3.601
-0.027,-0.136,1.021,1.892,2.014,3.601
-0.030,-0.137,1.020,1.404,1.831,3.418
-0.033,-0.140,1.024,1.282,1.892,3.540
-0.035,-0.148,1.022,2.136,1.831,3.784
-0.036,-0.147,1.014,2.502,2.136,4.150
-0.037,-0.145,1.005,2.747,2.319,4.150
-0.040,-0.146,1.002,2.686,2.686,3.967
-0.043,-0.154,1.001,2.197,3.418,4.272
-1.653,0.125,0.891,-41.565,-1.526,89.111
-1.853,-0.093,0.656,-25.208,5.188,100.464
-1.911,-0.442,0.505,-10.864,21.301,100.952
-1.783,-0.662,0.472,-0.061,46.082,79.163
-1.490,-0.740,0.526,20.874,71.899,39.917
-1.050,-0.659,0.570,55.908,91.431,0.305
-0.525,-0.527,0.618,93.628,103.699,-30.334
0.075,-0.352,0.682,122.437,108.948,-49.683
0.628,-0.253,0.742,130.371,108.826,-52.917
1.063,-0.234,0.833,111.267,105.469,-42.725
1.329,-0.260,0.896,70.068,96.130,-24.353
1.505,-0.252,0.968,27.283,85.022,-7.507
1.650,-0.163,1.000,5.188,74.158,-1.953
1.806,0.003,1.010,2.380,63.721,-5.798
1.990,0.183,1.076,1.465,53.711,-15.503
2.100,0.328,1.173,-0.977,41.870,-22.034
2.113,0.389,1.222,-3.662,27.893,-20.142
1.998,0.370,1.228,-10.742,11.536,-10.803
1.782,0.307,1.178,-19.775,-6.897,3.174
1.518,0.197,1.053,-25.940,-25.452,19.470
1.239,0.070,0.944,-32.532,-39.368,33.020
0.951,-0.045,0.834,-40.527,-47.058,43.396
0.664,-0.143,0.760,-46.021,-50.781,50.293
0.438,-0.243,0.704,-44.373,-49.805,50.110
0.271,-0.298,0.685,-35.522,-45.776,43.274
0.173,-0.333,0.701,-23.926,-39.124,31.860
0.132,-0.341,0.748,-12.878,-30.457,18.799
0.128,-0.307,0.826,-5.798,-22.461,6.409
0.112,-0.276,0.909,-6.531,-16.724,-1.709
0.073,-0.269,0.986,-10.132,-12.207,-6.226
0.006,-0.275,1.050,-10.681,-10.132,-8.118
-0.073,-0.297,1.089,-10.376,-10.132,-9.094
-0.151,-0.303,1.112,-11.597,-11.475,-9.705
-0.218,-0.284,1.151,-13.245,-13.367,-9.888
-0.269,-0.262,1.175,-15.198,-15.137,-9.888
-0.311,-0.248,1.191,-14.832,-17.273,-8.545
-0.352,-0.224,1.206,-14.282,-19.470,-6.958
-0.384,-0.200,1.209,-12.024,-21.729,-5.676
-0.408,-0.191,1.203,-7.874,-23.865,-4.761
-0.425,-0.174,1.194,-5.127,-24.963,-4.700
-0.426,-0.152,1.159,-0.732,-24.902,-4.517
-0.403,-0.143,1.115,5.188,-24.048,-3.845
-0.359,-0.134,1.080,8.728,-22.644,-2.380
-0.325,-0.131,1.065,8.667,-20.264,-0.977
-0.311,-0.139,1.047,7.324,-18.127,-0.183
-0.311,-0.157,1.013,8.545,-16.724,-0.916
-0.317,-0.187,0.993,10.986,-14.893,-3.662
-0.314,-0.199,0.983,12.573,-12.634,-8.484
-0.293,-0.201,0.987,14.160,-10.437,-13.123
-0.257,-0.217,0.984,16.907,-8.667,-15.991
-0.224,-0.230,0.977,17.578,-7.629,-16.968
-0.192,-0.231,0.955,17.151,-6.653,-16.418
-0.153,-0.222,0.949,14.893,-5.127,-15.381
-0.115,-0.226,0.949,11.353,-2.808,-13.489
-0.084,-0.222,0.950,7.263,-0.977,-11.353
-0.057,-0.200,0.956,3.052,0.305,-9.521
-0.037,-0.188,0.970,-1.038,0.854,-7.446
-0.028,-0.188,0.990,-4.272,0.549,-4.944
-0.026,-0.184,0.997,-5.554,-0.854,-2.686
-0.031,-0.174,0.986,-5.676,-2.563,-1.709
-0.033,-0.174,0.977,-6.287,-3.662,-1.709
-0.035,-0.181,0.980,-7.324,-3.845,-2.197
-0.028,-0.176,0.988,-7.446,-3.357,-3.113
-0.022,-0.149,0.983,-5.981,-2.991,-4.028
-0.013,-0.128,0.980,-5.066,-2.136,-4.028
-0.006,-0.113,0.991,-5.920,-0.977,-2.563
-0.006,-0.100,1.000,-7.446,0.244,-0.427
-0.010,-0.086,1.004,-8.850,1.343,1.831
-0.013,-0.077,1.007,-9.460,1.953,3.357
-0.015,-0.073,1.016,-9.277,2.197,4.028
-0.005,-0.067,1.024,-8.423,2.563,3.723
0.001,-0.062,1.028,-7.080,2.319,3.052
0.006,-0.058,1.021,-5.798,1.465,2.563
0.004,-0.058,1.016,-4.883,0.427,2.563
-0.001,-0.068,1.022,-5.127,-0.671,2.319
-0.008,-0.083,1.026,-5.310,-1.831,2.441
-0.010,-0.092,1.029,-4.517,-2.808,2.502
-0.013,-0.094,1.033,-3.113,-3.845,2.136
-0.021,-0.094,1.028,-2.136,-4.639,1.770
-0.025,-0.096,1.020,-0.671,-5.615,1.526
-0.033,-0.103,1.018,-0.549,-6.348,1.526
-0.044,-0.120,1.016,-0.427,-7.141,1.953
-0.053,-0.128,1.012,0.427,-7.568,1.953
-0.065,-0.126,1.006,1.526,-7.629,1.770
-0.077,-0.119,1.004,2.319,-7.446,1.465
-0.082,-0.119,1.001,3.296,-6.958,1.160
-0.082,-0.125,1.003,3.662,-6.104,1.038
-0.079,-0.124,1.004,3.906,-5.432,0.732
-0.079,-0.114,1.001,4.211,-4.883,0.671
-0.080,-0.117,1.000,3.967,-4.639,1.099
-0.085,-0.132,1.000,2.869,-3.967,1.709
-0.097,-0.133,1.000,2.136,-3.174,1.709
-0.102,-0.129,1.000,2.197,-2.441,1.221
-0.103,-0.126,0.990,2.441,-1.465,0.488
-0.099,-0.125,0.987,1.831,-0.305,0.305
-0.086,-0.134,0.997,0.366,0.854,0.366
-0.074,-0.139,1.009,-1.099,1.343,0.427
-0.070,-0.140,1.005,-0.732,1.221,0.732
-0.072,-0.140,0.999,0.366,0.793,1.099
-0.078,-0.141,0.996,0.122,0.732,1.587
-0.076,-0.147,1.001,0.000,0.854,1.770
-0.076,-0.153,1.005,0.610,1.099,2.014
-0.084,-0.150,1.009,0.854,0.854,2.258
-0.088,-0.139,1.001,1.953,0.854,2.258
-0.093,-0.137,1.000,2.625,0.854,2.197
-0.094,-0.135,1.003,2.502,0.916,2.197
-0.091,-0.142,1.001,2.747,0.977,2.625
-0.088,-0.149,0.998,2.747,0.916,2.930
-0.086,-0.158,0.999,2.563,0.977,2.930
-0.084,-0.170,0.998,2.991,1.282,2.441
-0.072,-0.170,0.989,4.700,1.831,1.221
-0.052,-0.160,1.000,5.249,2.563,-0.122
-0.035,-0.159,1.016,4.089,2.930,-0.916
-0.033,-0.164,1.025,3.540,2.625,-0.549
-0.042,-0.164,1.025,2.686,1.831,0.244
-0.056,-0.163,1.023,0.977,1.587,1.099
-0.064,-0.160,1.022,-0.793,1.770,2.075
-0.069,-0.156,1.021,-2.258,2.197,3.113
-0.069,-0.151,1.023,-3.235,2.441,3.723
-1.421,0.070,1.221,-68.542,6.226,75.012
-1.600,0.116,1.017,-42.053,10.132,81.970
-1.667,0.101,0.816,-17.029,18.127,84.961
-1.617,0.062,0.697,-2.747,32.410,79.895
-1.437,-0.011,0.684,8.545,51.575,64.026
-1.167,-0.077,0.736,30.518,68.359,41.565
-0.795,-0.135,0.740,64.453,77.576,17.700
-0.432,-0.147,0.736,95.032,80.933,-2.991
-0.027,-0.158,0.756,118.347,82.275,-18.738
0.407,-0.144,0.786,122.437,81.055,-28.198
0.785,-0.193,0.800,116.333,76.477,-27.039
1.057,-0.311,0.808,93.872,69.763,-16.968
1.223,-0.458,0.823,57.617,64.209,-5.310
1.361,-0.506,0.834,27.039,60.913,-1.465
1.532,-0.431,0.869,7.812,57.434,-4.333
1.656,-0.294,0.958,-11.780,53.345,-9.277
1.701,-0.182,1.027,-28.381,46.814,-8.423
1.692,-0.096,1.025,-33.447,35.767,-1.953
1.638,-0.023,0.994,-32.288,21.667,4.822
1.535,0.028,0.939,-32.471,7.324,13.000
1.399,0.037,0.869,-32.104,-4.822,21.179
1.247,0.011,0.795,-33.691,-14.587,28.687
1.035,-0.010,0.754,-38.086,-21.423,33.569
0.832,-0.068,0.711,-37.170,-25.757,36.743
0.643,-0.158,0.659,-30.945,-29.175,37.842
0.495,-0.237,0.672,-21.667,-30.090,35.217
0.401,-0.300,0.704,-14.343,-26.489,26.978
0.354,-0.348,0.772,-7.690,-21.118,16.418
0.334,-0.371,0.857,-4.517,-15.991,5.005
0.306,-0.401,0.949,-3.784,-12.634,-3.357
0.241,-0.425,1.024,-2.686,-11.475,-9.827
0.148,-0.444,1.095,-4.761,-12.146,-14.282
0.050,-0.433,1.137,-10.437,-13.428,-17.578
-0.010,-0.390,1.176,-11.658,-14.893,-18.860
-0.036,-0.339,1.211,-11.719,-16.113,-18.372
-0.057,-0.298,1.227,-14.343,-18.372,-15.320
-0.075,-0.251,1.206,-15.869,-21.606,-10.742
-0.090,-0.197,1.184,-15.564,-25.024,-6.531
-0.136,-0.145,1.178,-18.250,-27.771,-3.601
-0.209,-0.077,1.181,-23.682,-29.968,-0.916
-0.274,0.001,1.147,-25.146,-31.738,2.808
-0.314,0.021,1.086,-18.921,-32.166,7.812
-0.338,0.007,1.049,-14.648,-30.151,11.230
-0.351,0.002,1.057,-15.442,-27.344,10.742
-0.362,0.003,1.062,-13.611,-24.658,6.470
-0.366,-0.022,1.039,-4.211,-23.193,1.404
-0.357,-0.059,1.024,6.348,-22.217,-3.540
-0.324,-0.085,1.012,13.489,-20.874,-9.705
-0.288,-0.115,1.002,18.494,-20.264,-14.526
-0.273,-0.168,0.998,19.958,-20.813,-17.334
-0.294,-0.207,0.981,19.165,-21.545,-18.372
-0.324,-0.215,0.958,17.761,-20.935,-18.860
-0.346,-0.211,0.960,14.832,-17.822,-19.287
-0.337,-0.226,0.972,11.414,-13.306,-18.982
-0.313,-0.231,0.984,9.521,-8.789,-17.944
-0.282,-0.223,0.987,7.690,-5.432,-16.724
-0.251,-0.220,0.978,5.676,-3.296,-14.648
-0.223,-0.225,0.975,2.625,-1.831,-11.963
-0.185,-0.211,0.974,-0.671,-0.854,-9.644
-0.153,-0.214,0.978,-3.784,-0.610,-7.141
-0.137,-0.217,0.990,-7.385,-1.221,-4.150
-0.129,-0.210,1.001,-10.803,-2.075,-2.014
-0.134,-0.198,1.005,-11.536,-2.319,-0.854
-0.140,-0.167,1.001,-11.169,-2.197,0.305
-0.142,-0.140,1.001,-10.498,-1.221,0.793
-0.134,-0.117,1.001,-10.193,0.183,1.709
-0.120,-0.095,1.009,-10.986,1.587,3.418
-0.109,-0.074,1.013,-11.414,2.808,5.676
-0.097,-0.077,1.005,-10.925,3.235,8.484
-0.091,-0.085,1.000,-11.841,3.174,10.742
-0.086,-0.097,1.002,-12.756,2.991,11.169
-0.075,-0.102,1.006,-11.169,2.930,10.071
-0.061,-0.098,1.009,-8.728,2.380,7.690
-0.053,-0.082,1.006,-6.653,1.526,5.005
-0.050,-0.056,1.003,-5.859,0.732,3.052
-0.050,-0.046,1.002,-5.676,0.061,2.319
-0.054,-0.048,0.998,-5.066,-0.732,2.991
-0.055,-0.054,0.991,-4.883,-1.343,3.845
-0.058,-0.066,0.989,-3.967,-1.709,4.150
-0.063,-0.070,0.988,-2.686,-1.404,3.967
-0.066,-0.070,0.991,-1.404,-1.160,2.930
-0.058,-0.073,0.990,0.061,-0.793,2.136
-0.047,-0.085,0.994,1.770,-0.549,1.404
-0.041,-0.099,1.004,2.380,-0.244,1.343
-0.043,-0.101,1.009,2.319,-0.061,1.343
-0.047,-0.105,1.011,1.892,0.061,1.709
-0.056,-0.110,1.016,1.160,0.122,2.258
-0.060,-0.104,1.005,0.793,0.305,2.502
-0.072,-0.092,1.000,0.183,1.038,2.136
-0.084,-0.090,0.999,-0.366,1.465,1.465
-0.089,-0.102,0.997,-0.916,2.075,0.854
-0.089,-0.100,1.003,-0.183,2.869,-0.427
-0.083,-0.086,1.000,1.526,3.540,-2.075
-0.083,-0.081,0.993,3.113,3.723,-3.357
-0.086,-0.082,0.993,3.357,3.845,-3.479
-0.092,-0.094,0.990,3.235,3.906,-2.625
-0.083,-0.114,0.994,3.174,4.211,-1.709
-0.065,-0.148,1.008,2.808,4.578,-1.648
-0.062,-0.145,1.024,2.625,4.089,-2.014
-0.063,-0.133,1.013,3.662,3.113,-1.892
-0.074,-0.132,1.010,3.845,2.258,-1.587
-0.081,-0.132,1.009,3.723,2.136,-1.099
-0.079,-0.125,1.009,3.723,2.441,-0.488
-0.071,-0.119,1.014,2.625,2.930,0.732
-0.063,-0.127,1.023,0.854,2.991,2.625
-0.060,-0.137,1.023,-0.916,2.502,4.456
-0.062,-0.140,1.013,-1.648,1.831,5.310
-0.067,-0.134,1.005,-1.099,1.343,4.944
-0.068,-0.130,0.993,0.488,1.343,3.906
-0.065,-0.127,0.983,1.892,1.648,3.113
-0.060,-0.123,0.984,2.197,2.502,2.441
-0.058,-0.123,0.989,1.709,3.418,2.319
-0.063,-0.131,0.990,1.221,3.784,2.930
-0.065,-0.142,1.002,1.221,4.150,3.479
-0.060,-0.135,1.006,1.404,4.517,3.479
-0.055,-0.124,1.013,1.892,4.639,3.174
-0.050,-0.128,1.022,1.831,4.883,3.601
-0.044,-0.140,1.030,1.221,4.700,4.822
-0.038,-0.148,1.035,0.183,4.395,5.493
